[
    {
        "pid": "1",
        "title": "Girl Rainbow School bag",
        "images": [ 
            "./images/img1.png"
        ],
        "description": "USPA Self Design Bag. Handcrafted with Cotton. Perfect for Summers. Material Composition Is 93% Cotton, 7% Elastane.",
        "content": "Designed with overhead movements in mind, this offers a full range of motion. It's made of sweat-wicking fabric with a soft, cotton-like feel. Forward-shifted seams reduce chafing in high-sweat areas while a slight droptail hem adds coverage in back.",
        "price": 499,
        "count": 1
    },
    {
        "pid": "2",
        "title": "Women Gray Hand bags",
        "images": [
            "./images/pic2.jpg"
        ],
        "description": "GAS Casual  Regular Fit Mid-Rise made with 100% Cotton. Perfect for Summers. Available in four different colors and five different sizes.",
        "content": "GAS brings to you this stylish casual  with a regular fit. They are meticulously stitched out of cotton mix material and feel smooth against your skin. The mid-rise waist provides a modern look and the belt loops allow a tighter fit when a belt is slipped through the loops.",
        "price": 1299,
        "count": 1
    },
    {
        "pid": "3",
        "title": "Paradias School bag",
        "images": [
            "./images/img3.png"
        ],
        "description": "Paradis cruz for Casual Outings. The studded rubber outsole and the fine canvas upper sleek offers comfortable forays.",
        "content": "HRX crux is designed for versatile styling. The studded rubber outsole and the fine canvas upper sleek offers comfortable forays. The bold contrast HRX Formstrip and the HRX logo adds to the Bag.",
        "price": 2599,
        "count": 1
    },
    {
        "pid": "4",
        "title": " schoolbag",
        "images": [
            "./images/img4.png"
        ],
        "description": "Fossil Bag with a leather strap. Ideal fot swimmers and athletes. Available in Four different colors.",
        "content": "Fossil Bags with a leather strap never go out of style. This stylish Bags from Fossil comes with a water resistance of 50 mm. This elegantly designed watch from Fossil brings the best of style and technology.",
        "price": 999,
        "count": 1
    },
    {
        "pid": "5",
        "title": "Hand and sling bag",
        "images": [
            "./images/img5.jpg"
        ],
        "description": "Bags designed for people always on the move, easy storage and easy to carry with an elegant look.",
        "content": "Experience the next generation Bags with MDR-ZX310-AP sound monitoring Fitted with a 30mm dynamic driver unit and in-line remote control with mic, you are guaranteed to enjoy hours of crisp, quality sound.",
        "price": 1499,
        "count": 1
    },
    {
        "pid": "6",
        "title": "hand bag",
        "images": [
            "./images/img7.jpg"
        ],
        "description": "The hand-bag is not just a sight to behold but also comes equipped with innovative features that will keep you productive and entertained.",
        "content": "It ensures that you stay on top of the leaderboard.",
        "price": 9999,
        "count": 1
    }
]